"0",""
"0","y_col_var <- c(""Number_of_Add_Cards"", "
"0","               ""Number_of_Additional_Summons"", "
"0","               ""Number_of_Revive"", "
"0","               ""Number_of_Negate"", "
"0","               ""Number_of_Boost"", "
"0","               ""Number_of_Removal"")"
"0",""
"0","y_axis_name <- c(""Add Cards"", "
"0","                 ""Additional Summons"", "
"0","                 ""Revive"", "
"0","                 ""Negate"", "
"0","                 ""Boost"", "
"0","                 ""Removal"")"
"0",""
"0","boxplot_YGO <- function(var_col, y_name, legend_pos = ""right""){"
"0","  ggplot(YGOMD_dataset, "
"0","         aes_string(x = ""Card_Type_Majority"", "
"0","                                   y = var_col, "
"0","                                   fill = ""Card_Type_Majority"")) + "
"0","    geom_boxplot() + "
"0","    scale_fill_manual(values = c(""darkgoldenrod"", "
"0","                                 ""aquamarine3"", "
"0","                                 ""deeppink3""), "
"0","                      name = ""Card Type Majority"") + "
"0","    labs(title = paste(""Distribution of"", y_name, ""Effects in Decks with Different Majority Card Types""), "
"0","         x = ""Card Type Majority"", "
"0","         y = paste(""Number of"", y_name, ""Effects""), "
"0","         color = ""Card Type Majority"") + "
"0","    theme(legend.position = legend_pos) + "
"0","    ylim(0, 40) + "
"0","    theme_minimal()"
"0","}"
"0",""
"0",""
"0","saveGIF("
"0","  for (x in 1:length(y_col_var)){"
"0","    print(boxplot_YGO(y_col_var[x], y_axis_name[x]))"
"0","}, ani.width = 1000, movie.name = ""boxplot.gif"", interval = 2)"
"2","Warning: `aes_string()` was deprecated in ggplot2 3.0.0.
Please use tidy evaluation ideoms with `aes()`"
"1","[1]"
"1"," TRUE"
"1","
"
