Archetype,Number_of_Monsters_Extra_Deck_Excluded,Number_of_Spells,Number_of_Traps,Card_Type_Majority,Total_Attack_Points,Total_Defense_Points,Average_Level_Extra_Deck_Excluded,Number_of_Unique_Monsters,Number_of_Unique_Spells,Number_of_Unique_Traps,Number_of_Unique_Cards_Total,Average_Level_Extra_Deck_Only,Average_Rank,Average_Link_Rating,Number_of_Fusion,Number_of_Synchro,Number_of_Xyz,Number_of_Link,Extra_Deck_Majority,Number_of_Add_Cards,Number_of_Additional_Summons,Number_of_Revive,Number_of_Negate,Number_of_Boost,Number_of_Removal,Effect_Type_Majority,Attribute_Majority
Zoodiac Tri-Brigade,22,13,5,Monster,21300,26000,3.3636,9,6,2,17,0,4,2.9,0,0,4,10,Link,19,24,9,16,10,11,Additional Summons,Earth
Zoodiac Tri-Brigade,23,11,6,Monster,18900,24400,2.826,10,5,3,18,0,5.6,2.9,0,0,5,10,Link,15,24,9,16,10,11,Additional Summons,Earth
Zoodiac Tri-Brigade,24,10,6,Monster,24500,30500,3.25,11,5,2,18,0,5.6,2.9,0,0,5,10,Link,17,28,8,15,11,12,Additional Summons,Earth
Zoodiac Tri-Brigade,22,13,5,Monster,15500,24200,2.4545,8,7,3,18,0,5.6,2.9,0,0,5,10,Link,17,23,7,16,11,12,Additional Summons,Earth
Zoodiac Tri-Brigade,22,14,4,Monster,19800,26100,3.2273,10,5,2,17,0,5.6,2.9,0,0,5,10,Link,18,25,6,17,11,13,Additional Summons,Earth
Adamancipator,37,3,0,Monster,40700,45600,3.5135,16,1,0,17,6.5,4,2.2,0,4,1,10,Link,21,33,6,10,3,13,Additional Summons,Earth
Adamancipator,34,6,0,Monster,35600,47800,3.7647,17,4,0,21,6,4,2.1818,0,3,1,11,Link,16,29,4,11,3,11,Additional Summons,Earth
Adamancipator,37,3,0,Monster,47100,51100,4.0541,16,1,0,17,7.33,4,2.1818,0,3,1,11,Link,19,33,4,11,3,15,Additional Summons,Earth
Adamancipator,37,3,0,Monster,45900,46300,3.8378,16,1,0,17,7.33,4,2.1818,0,3,1,11,Link,19,33,3,9,3,13,Additional Summons,Earth
Adamancipator,37,3,0,Monster,42700,45100,3.6757,16,1,0,17,6.5,4,2.3,0,4,1,10,Link,22,33,4,10,3,12,Additional Summons,Earth
Dryton,28,13,0,Monster,33300,21300,3,13,7,0,20,4,4.8,2.5714,1,2,5,7,Link,24,27,15,16,4,29,Additional Summons,Light
Dryton,28,12,0,Monster,34800,21100,2.8929,13,7,0,20,4,4.1667,2.6667,1,2,6,6,Link,23,28,15,15,4,27,Additional Summons,Light
Dryton,27,13,0,Monster,35800,20700,2.9629,12,7,0,19,4,4.1667,2.8333,1,2,6,6,Link,21,27,16,17,3,30,Additional Summons,Light
Dryton,29,12,0,Monster,29300,17300,2.5517,13,6,0,19,4.75,4.8,2.3333,1,3,5,6,Link,25,25,15,12,4,26,Additional Summons,Light
Dryton,27,13,0,Monster,36900,17900,3.037,13,6,0,19,4,3.7143,2.4,1,2,7,5,Xyz,24,22,16,15,3,25,Add Cards,Light
Virtual World,22,15,3,Monster,21700,24400,3.7727,9,6,2,17,8.2222,7,0,0,9,6,0,Synchro,20,29,16,15,5,15,Additional Summons,Wind
Virtual World,23,13,4,Monster,22200,24400,3.6957,9,5,2,16,8.6,7.2,0,0,10,5,0,Synchro,18,29,14,14,5,16,Additional Summons,Wind
Virtual World,23,14,3,Monster,22200,24400,3.6957,9,6,2,17,8.2222,7.1667,0,0,9,6,0,Synchro,20,29,14,16,5,14,Additional Summons,Wind
Virtual World,23,14,3,Monster,24400,21600,3.6957,11,6,2,19,7.75,7.2857,0,0,8,7,0,Synchro,21,31,13,14,6,16,Additional Summons,Wind
Virtual World,22,16,3,Monster,21700,24400,3.7727,9,7,2,18,7.7143,6.5,0,0,7,8,0,Xyz,22,30,13,13,4,16,Additional Summons,Wind
Invoked Dogmatika Shaddoll,20,15,5,Monster,20800,32200,4.3,9,9,3,21,6.9167,0,1,11,1,0,2,Fusion,26,16,12,15,6,15,Add Cards,Light
Invoked Dogmatika Shaddoll,21,15,5,Monster,28000,29800,4.8095,10,9,4,23,6.9231,0,1,12,1,0,2,Fusion,25,17,11,16,7,19,Add Cards,Light
Invoked Dogmatika Shaddoll,18,14,8,Monster,16200,27600,4.0556,7,7,4,18,7.5455,0,1,11,1,0,2,Fusion,23,13,10,15,6,17,Add Cards,Light
Invoked Dogmatika Shaddoll,22,16,2,Monster,28200,33000,4.6818,10,9,2,21,7.1667,0,1.333,11,1,0,3,Fusion,26,19,13,12,8,18,Add Cards,Light
Invoked Dogmatika Shaddoll,20,15,5,Monster,22600,26500,3.75,12,10,3,25,7.0833,0,1,12,0,0,3,Fusion,23,16,11,14,8,18,Add Cards,Light
Lyrilusc Tri-Brigade,25,12,3,Monster,14700,19100,2.2,13,6,1,20,0,2.5714,3,0,0,7,8,Link,23,26,12,8,13,13,Additional Summons,Wind
Lyrilusc Tri-Brigade,28,12,0,Monster,13700,23300,2.0357,13,5,0,18,0,2.75,2.5714,0,0,8,7,Xyz,26,24,12,7,12,15,Add Cards,Wind
Lyrilusc Tri-Brigade,24,12,4,Monster,13500,21600,2.2917,13,5,2,20,0,2.833,2.8889,0,0,6,9,Link,20,23,10,15,10,13,Additional Summons,Wind
Lyrilusc Tri-Brigade,28,12,0,Monster,12700,22500,1.9286,12,6,0,18,0,2.75,2.7143,0,0,8,7,Xyz,22,25,13,10,12,14,Additional Summons,Wind
Lyrilusc Tri-Brigade,26,12,2,Monster,12400,22500,2,12,5,1,18,0,2.75,2.7143,0,0,8,7,Xyz,25,24,11,12,14,13,Add Cards,Wind
Sky Striker,17,23,0,Spell,16900,14000,3.7647,7,15,0,22,0,0,1.7333,0,0,0,15,Link,17,13,7,13,4,14,Add Cards,Dark
Sky Striker,16,23,1,Spell,15000,16500,3.875,7,16,1,24,0,0,1.7333,0,0,0,15,Link,17,14,7,15,4,20,Removal,Light
Sky Striker,14,24,2,Spell,9000,13500,2.7143,5,15,1,21,0,0,1.7333,0,0,0,15,Link,19,14,9,12,4,15,Add Cards,Dark
Sky Striker,13,27,0,Spell,11500,13900,3.5285,6,19,0,25,0,0,1.5385,0,0,0,13,Link,17,12,10,13,6,17,Add Cards,Dark
Sky Striker,14,26,0,Spell,7500,15600,2.7857,6,17,0,23,0,0,1.7333,0,0,0,15,Link,21,12,9,11,4,17,Add Cards,Dark
Phantom Knights,28,8,4,Monster,22900,26800,3.2143,17,4,3,24,0,3.6667,3,0,0,9,6,Xyz,14,32,10,15,9,20,Additional Summons,Dark
Phantom Knights,27,9,4,Monster,19100,26600,2.8889,14,5,3,22,0,4.5,3.2,0,0,10,5,Xyz,16,28,12,15,11,19,Additional Summons,Dark
Phantom Knights,25,10,5,Monster,20100,26700,3.24,15,6,3,24,0,3,3.2,0,0,10,5,Xyz,14,29,10,15,10,17,Additional Summons,Dark
Phantom Knights,24,12,4,Monster,18800,24900,3.4167,17,7,3,27,0,3.9,3.2,0,0,10,5,Xyz,12,28,11,15,10,20,Additional Summons,Dark
Phantom Knights,27,8,5,Monster,20900,27200,3.1851,16,5,3,24,0,4.5556,3,0,0,9,6,Xyz,16,32,13,12,11,20,Additional Summons,Dark
Prank-Kids,21,19,0,Monster,15400,14900,2.4286,8,11,0,19,7.5,2,2.3,4,0,1,10,Link,18,25,10,14,5,19,Additional Summons,Fire
Prank-Kids,25,14,1,Monster,20100,28000,2.8889,10,10,1,21,8.3333,2,2.3636,3,0,1,11,Link,16,21,9,17,4,16,Additional Summons,Wind
Prank-Kids,18,21,1,Spell,15000,21600,2.8889,7,13,1,21,6.6667,2,2.1818,3,0,1,11,Link,19,25,10,11,4,19,Additional Summons,Earth
Prank-Kids,19,18,3,Monster,18000,23700,3.3158,7,10,1,18,7.5,2,2.2,4,0,1,10,Link,17,24,11,15,5,21,Additional Summons,Fire
Prank-Kids,21,17,2,Monster,16200,21000,2.619,8,11,2,21,7.5,2,2.2,4,0,1,10,Link,20,29,12,11,4,17,Additional Summons,Wind
Dinos,26,14,0,Monster,33100,25800,3.9615,13,5,0,18,8,4,2.6667,0,2,4,9,Link,21,27,9,9,6,28,Removal,Earth
Dinos,23,15,2,Monster,29500,22900,3.7826,12,7,1,20,8,5.3333,2.375,0,1,6,8,Link,18,26,8,13,6,24,Additional Summons,Earth
Dinos,23,14,3,Monster,31500,23100,4.1739,12,6,1,19,8,5.6,2.3333,0,1,5,9,Link,16,29,7,13,5,25,Additional Summons,Earth
Dinos,24,16,0,Monster,32300,24900,3.875,13,8,0,21,8,4,2.375,0,2,5,8,Link,19,26,9,9,6,28,Removal,Earth
Dinos,26,14,0,Monster,38000,24800,4.5385,13,6,0,19,8,4,2.4444,0,1,5,9,Link,19,28,7,10,6,24,Additional Summons,Earth
Eldlich,5,2,33,Trap,6500,6200,5.2,2,1,14,17,5.4,9.5,2.1667,3,2,4,6,Link,9,21,5,12,4,35,Removal,Light
Eldlich,3,8,29,Trap,7500,8400,10,1,4,12,17,0,9.0833,1,0,0,12,3,Xyz,9,26,4,10,6,37,Removal,Dark
Eldlich,8,10,22,Trap,8500,14400,5.375,3,6,11,20,8,6,1.7778,0,1,5,9,Link,17,24,11,10,5,24,Removal,Dark
Eldlich,8,10,22,Trap,10900,18400,6.125,3,4,10,17,0,8.2857,1.75,0,0,7,8,Link,13,23,5,15,4,25,Removal,Light
Eldlich,8,8,24,Trap,11000,14000,6.5,3,3,11,17,0,8.4444,1.6667,0,0,9,6,Xyz,15,24,5,11,4,27,Removal,Light
Cyber Dragon,20,19,1,Monster,19100,19300,3.15,9,10,1,20,6.8,5.5,2,10,0,4,1,Fusion,21,29,14,6,9,15,Additional Summons,Light
Cyber Dragon,25,13,2,Monster,25700,19800,3.72,11,6,2,19,7.4,6.5,1.75,5,0,6,4,Xyz,17,28,15,10,6,19,Additional Summons,Light
Cyber Dragon,20,17,3,Monster,17000,18600,3.05,8,10,2,20,8.125,5.5,1.6667,8,0,4,3,Fusion,18,22,15,8,5,15,Additional Summons,Light
Cyber Dragon,20,16,4,Monster,18500,18400,3.2,8,8,2,18,7.4,6.5,1.5,5,0,6,4,Xyz,17,25,13,12,6,19,Additional Summons,Light
Cyber Dragon,22,14,4,Monster,17600,19800,3.7727,9,7,2,18,7.8333,5.4,1.5,6,0,5,4,Fusion,16,25,12,12,6,16,Additional Summons,Light
Endymion,23,17,0,Monster,42400,39100,5.0435,10,8,0,18,7.6667,7,2.8,3,0,2,10,Link,29,21,9,10,7,27,Add Cards,Dark
Endymion,20,20,0,Monster,35050,29500,4.9,9,10,0,19,7.5,7,3.0909,2,0,2,11,Link,32,21,8,12,7,23,Add Cards,Dark
Endymion,19,21,0,Spell,36200,33900,5.3158,9,10,0,19,4,7,2.9167,2,0,1,12,Link,29,21,9,11,8,26,Add Cards,Dark
Endymion,22,18,0,Monster,40950,36300,4.909,11,8,0,19,7.5,7,2.75,2,0,1,12,Link,31,19,9,7,7,30,Add Cards,Dark
Endymion,20,20,0,Monster,30850,26300,4.3,11,8,0,19,7.5,7,2.5833,2,0,1,12,Link,36,21,10,7,9,17,Add Cards,Dark
Heros,21,19,0,Monster,22300,24900,4.1429,12,10,0,22,7.3,0,2.2,10,0,0,5,Fusion,13,25,6,7,9,21,Additional Summons,Dark
Heros,19,19,2,Monster,20600,25700,4,12,10,1,23,7.1818,0,2.25,11,0,0,4,Fusion,16,20,4,6,6,21,Removal,Dark
Heros,24,16,0,Monster,29800,26300,4.625,13,7,0,20,7.1,0,2.2,10,0,0,5,Fusion,14,24,4,7,8,23,Additional Summons,Dark
Heros,25,15,0,Monster,28300,29200,4.2,13,9,0,22,7.1818,0,2.25,11,0,0,4,Fusion,17,23,6,6,9,17,Additional Summons,Dark
Heros,24,16,0,Monster,25900,26500,4.1667,13,8,0,21,7.1,0,2.2,10,0,0,5,Fusion,16,24,7,6,8,21,Additional Summons,Dark
True Draco,7,17,16,Spell,17000,8100,5.4286,3,7,7,17,0,0,0,0,0,0,0,None,24,19,6,9,1,28,Removal,Fire
True Draco,8,16,16,Spell,19300,9600,5.375,3,7,6,16,0,0,0,0,0,0,0,None,24,20,6,10,1,28,Removal,Water
True Draco,7,17,16,Spell,17000,8100,5.4286,3,7,7,17,0,0,0,0,0,0,0,None,24,19,6,9,1,28,Removal,Fire
True Draco,13,15,12,Spell,22900,11400,4.4615,6,9,7,22,0,0,0,0,0,0,0,None,19,18,5,10,1,29,Removal,Fire
True Draco,8,17,15,Spell,19300,9600,5.375,3,7,6,16,0,0,0,0,0,0,0,None,22,20,6,8,1,27,Removal,Water
Salamangreat,21,14,5,Monster,20300,23600,3.2857,11,6,3,20,0,3.5,2.0769,0,0,2,13,Link,24,14,14,12,6,12,Add Cards,Fire
Salamangreat,22,13,5,Monster,24900,25600,3.8182,10,8,3,21,0,3.5,2.0769,0,0,2,13,Link,20,18,15,13,5,17,Add Cards,Fire
Salamangreat,21,14,5,Monster,22700,20200,3.4286,10,6,3,19,0,3.5,2.0769,0,0,2,13,Link,26,17,15,12,5,12,Add Cards,Fire
Salamangreat,23,12,5,Monster,27300,22100,4.0435,10,5,3,18,0,3.5,2.0769,0,0,2,13,Link,25,20,16,10,5,14,Add Cards,Fire
Salamangreat,20,15,5,Monster,19000,20500,3.05,10,7,3,20,0,3.5,2.0769,0,0,2,13,Link,24,15,14,15,5,14,Add Cards,Fire
Thunder Dragon,25,15,0,Monster,37100,35300,3.965517241,14,7,0,21,8.25,0,2.6364,4,0,0,11,Link,32,19,11,10,7,22,Add Cards,Dark
Thunder Dragon,29,11,0,Monster,42100,30450,4.448275862,15,5,0,20,9,0,2.7273,3,1,0,11,Link,32,22,17,8,7,22,Add Cards,Light
Thunder Dragon,26,13,1,Monster,35800,33800,4.384615385,13,7,1,21,8.75,0,2.3636,4,0,0,11,Link,29,19,10,11,7,23,Add Cards,Dark
Thunder Dragon,30,6,4,Monster,43300,41100,4.8,14,3,2,19,9.5,10,2.4,4,0,1,10,Link,27,23,6,4,8,22,Add Cards,Dark
Thunder Dragon,24,16,0,Monster,42950,30300,5.875,14,8,0,22,8.125,6,2.4,5,3,2,5,Link,30,31,20,3,9,19,Add Cards,Light
Madolche,21,16,3,Monster,23400,19500,3.333333333,11,9,2,22,7,5,3,1,1,10,3,Xyz,13,18,27,15,3,16,Revive,Earth
Madolche,20,14,6,Monster,32100,17800,4.9,9,7,3,19,8,5,3.5,0,1,10,4,Xyz,9,21,25,15,4,20,Revive,Earth
Madolche,21,16,3,Monster,23600,22500,3.80952381,9,9,2,20,0,4.125,2.4286,0,0,8,7,Xyz,16,14,27,13,3,16,Revive,Earth
Madolche,21,13,6,Monster,29300,27300,4.333333333,10,8,3,21,6,4.125,2,0,1,8,6,Xyz,13,16,27,13,3,16,Revive,Earth
Madolche,21,14,5,Monster,26500,24300,4,9,9,2,20,0,5,2.4,0,0,10,5,Xyz,13,19,29,12,3,15,Revive,Earth
@Ignister,19,19,2,Monster,14400,16600,3.368421053,11,12,1,24,7,0,2.428571429,0,1,0,14,Link,25,16,16,14,3,10,Add Cards,Dark
@Ignister,20,20,0,Monster,17500,19000,4.05,10,11,0,21,7,4,2.583333333,0,2,1,12,Link,4,20,15,14,2,18,Additional Summons,Dark
@Ignister,20,19,1,Monster,17500,19000,4.05,10,9,1,20,7,4,2.461538462,0,1,1,13,Link,25,17,13,15,2,18,Add Cards,Dark
@Ignister,23,15,1,Monster,17200,18200,3.52173913,13,6,1,20,7,4,2.846153846,0,1,1,13,Link,22,18,12,18,3,14,Add Cards,Dark
@Ignister,22,15,3,Monster,13800,22000,3.181818182,11,10,2,23,7,0,2.384615385,1,1,0,13,Link,22,25,21,13,3,14,Additional Summons,Dark
