"0","tukey_p_value_vector <- rep(NA, 6)"
"0","tukey_p_value_vector[1] <- list(signif(TukeyHSD(aov(YGOMD_dataset$Number_of_Add_Cards ~ YGOMD_dataset$Card_Type_Majority,"
"0","                            data = YGOMD_dataset))$`YGOMD_dataset$Card_Type_Majority`[,4], 2))"
"0",""
"0","tukey_p_value_vector[2] <- list(signif(TukeyHSD(aov(YGOMD_dataset$Number_of_Additional_Summons ~ YGOMD_dataset$Card_Type_Majority,"
"0","                            data = YGOMD_dataset))$`YGOMD_dataset$Card_Type_Majority`[,4], 2))"
"0",""
"0","tukey_p_value_vector[3] <- list(signif(TukeyHSD(aov(YGOMD_dataset$Number_of_Revive ~ YGOMD_dataset$Card_Type_Majority,"
"0","                            data = YGOMD_dataset))$`YGOMD_dataset$Card_Type_Majority`[,4], 2))"
"0",""
"0","tukey_p_value_vector[4] <- list(signif(TukeyHSD(aov(YGOMD_dataset$Number_of_Negate ~ YGOMD_dataset$Card_Type_Majority,"
"0","                            data = YGOMD_dataset))$`YGOMD_dataset$Card_Type_Majority`[,4], 2))"
"0",""
"0","tukey_p_value_vector[5] <- list(signif(TukeyHSD(aov(YGOMD_dataset$Number_of_Boost ~ YGOMD_dataset$Card_Type_Majority,"
"0","                            data = YGOMD_dataset))$`YGOMD_dataset$Card_Type_Majority`[,4], 2))"
"0",""
"0","tukey_p_value_vector[6] <- list(signif(TukeyHSD(aov(YGOMD_dataset$Number_of_Removal ~ YGOMD_dataset$Card_Type_Majority,"
"0","                            data = YGOMD_dataset))$`YGOMD_dataset$Card_Type_Majority`[,4], 2))"
"0",""
"0","table_names <- c(""Number of Add Cards "","
"0","               ""Number of Additional Summons "","
"0","               ""Number of Revive "","
"0","               ""Number of Negate "","
"0","               ""Number of Boost "","
"0","               ""Number of Removal"")"
"0",""
"0","stats_table_2 <- data.frame(tukey_p_value_vector)"
"0","colnames(stats_table_2) <- table_names"
"0","htmlTable::htmlTable(stats_table_2)"
