"0","# The code below is commented out because this code here is meant for explanation purposes."
"0","# The code below utilizes the boxplot_YGO() function within a for loop to create the gif combining all 6 boxplots."
"0","# saveGIF("
"0","#   for (x in 1:length(y_col_var)){"
"0","#     print(boxplot_YGO(y_col_var[x], y_axis_name[x]))"
"0","# }, ani.width = 1000, movie.name = ""boxplot.gif"", interval = 2)"
"0",""
"0","# The image_read() function allows for the boxplot gif to appear after knitting. "
"0","# image_read(""boxplot.gif"")"
