{"chunk_definitions":[{"row":23,"row_count":1,"visible":true,"expansion_state":0,"options":{"engine":"r","include":true,"label":"unnamed-chunk-2"},"document_id":"74E50ED2","chunk_id":"cw5mmsf16qjin","chunk_label":"unnamed-chunk-1"},{"row":72,"row_count":1,"visible":true,"expansion_state":0,"options":{"engine":"r","include":true,"label":"unnamed-chunk-3"},"document_id":"74E50ED2","chunk_id":"co9kstr8ncakv","chunk_label":"unnamed-chunk-2"},{"row":130,"row_count":1,"visible":true,"expansion_state":0,"options":{},"document_id":"74E50ED2","chunk_id":"c6wkktzkvm5ay","chunk_label":"unnamed-chunk-3"}],"doc_write_time":1670611100}