"0","p_value_vector <- rep(NA, 6)"
"0","p_value_vector[1] <- signif(anova(lm(YGOMD_dataset$Number_of_Add_Cards ~ YGOMD_dataset$Card_Type_Majority,"
"0","                            data = YGOMD_dataset))$`Pr(>F)`, 1)"
"0",""
"0","p_value_vector[2] <- signif(anova(lm(YGOMD_dataset$Number_of_Additional_Summons ~ YGOMD_dataset$Card_Type_Majority,"
"0","                            data = YGOMD_dataset))$`Pr(>F)`, 1)"
"0",""
"0","p_value_vector[3] <- signif(anova(lm(YGOMD_dataset$Number_of_Revive ~ YGOMD_dataset$Card_Type_Majority,"
"0","                            data = YGOMD_dataset))$`Pr(>F)`, 1)"
"0",""
"0","p_value_vector[4] <- signif(anova(lm(YGOMD_dataset$Number_of_Negate ~ YGOMD_dataset$Card_Type_Majority,"
"0","                            data = YGOMD_dataset))$`Pr(>F)`, 1)"
"0",""
"0","p_value_vector[5] <- signif(anova(lm(YGOMD_dataset$Number_of_Boost ~ YGOMD_dataset$Card_Type_Majority,"
"0","                            data = YGOMD_dataset))$`Pr(>F)`, 1)"
"0",""
"0","p_value_vector[6] <- signif(anova(lm(YGOMD_dataset$Number_of_Removal ~ YGOMD_dataset$Card_Type_Majority,"
"0","                            data = YGOMD_dataset))$`Pr(>F)`, 1)"
"0",""
"0","stats_table <- data.frame(y_axis_name, p_value_vector)"
"0","colnames(stats_table) <- c(""Effect"", ""p-value"")"
"0","htmlTable::htmlTable(stats_table)"
