"0","# The code below is commented out because this code here is meant for explanation purposes."
"0","# An empty vector was made to help the program better deal with memory. The produced values of the anovaBF() function were not of a numeric class, so they could not be rounded. Only the first of the produced values for each Bayes factor test were saved as they were the only one pertaining to Card Type Majority and Card Type Majority alone."
"0","# bayes_val_vector <- rep(NA, 6)"
"0",""
"0","# For the Bayes factor test to work, the independent variables must be factors."
"0","# YGOMD_dataset$Card_Type_Majority <- factor(YGOMD_dataset$Card_Type_Majority)"
"0","# YGOMD_dataset$Extra_Deck_Majority <- factor(YGOMD_dataset$Extra_Deck_Majority)"
"0","# bayes_value_vector[1] <- anovaBF(Number_of_Add_Cards ~ Card_Type_Majority * Extra_Deck_Majority, data = YGOMD_dataset)[1]"
"0","# bayes_value_vector[2] <- anovaBF(Number_of_Additional_Summons ~ Card_Type_Majority * Extra_Deck_Majority, data = YGOMD_dataset)[1]"
"0","# bayes_value_vector[3] <- anovaBF(Number_of_Revive ~ Card_Type_Majority * Extra_Deck_Majority, data = YGOMD_dataset)[1]"
"0","# bayes_value_vector[4] <- anovaBF(Number_of_Negate ~ Card_Type_Majority * Extra_Deck_Majority, data = YGOMD_dataset)[1]"
"0","# bayes_value_vector[5] <- anovaBF(Number_of_Boost ~ Card_Type_Majority * Extra_Deck_Majority, data = YGOMD_dataset)[1]"
"0","# bayes_value_vector[6] <- anovaBF(Number_of_Removal ~ Card_Type_Majority * Extra_Deck_Majority, data = YGOMD_dataset)[1]"
"0","#"
"0","# The y_axis_name was used as part of the data frame as that is simpler to read compared to y_col_var."
"0","# Proper column names were given using colnames() function."
"0","# stats_table3 <- data.frame(y_axis_name, bayes_value_vector)"
"0","# colnames(stats_table)3) <- c(""Effect"", ""Bayes factor"")"
"0","# htmlTable::htmlTable(stats_table_3)"
